{
    "Camera":
    {
        "RES":[1920,1080],
        "FOVY":45.0,
        "ITERATIONS":5000,
        "DEPTH":8,
        "FILE":"homogeneous_smoke",
        "EYE":[0.0,50.0,100.0],
        "LOOKAT":[0.0,45.0,0.0],
        "UP":[0.0,1.0,0.0]
    },
    "MediumInterfaces":
    {
        "interface0":
        {
            "INSIDE":"smoke_medium",
            "OUTSIDE":""
        }
    },
    "Background":
    {
        "TYPE":"skybox",
        "PATH":"../scenes/environment/sunflowers_puresky_8k.hdr"
    },
    "Media":
    {
        "smoke_medium":
        {
            "TYPE":"homogeneous",
            "LESCALE":0.125,
            "SIGMA_A":
            {
                "TYPE":"rgb",
                "VALUE":[0.4,0.4,0.4]
            },
            "SIGMA_S":
            {
                "TYPE":"rgb",
                "VALUE":[0.9,0.9,0.9]
            },
            "SIGMA_SCALE":0.05,
            "G": 0.0,
            "TRANS":[0.0,0.0,0.0],
            "ROTAT":[0.0,0.0,0.0],
            "SCALE":[1.0,1.0,1.0]
        }
    },
    "Objects":
    [
        {
            "TYPE":"model_inline",
            "VERTICES":[33.000008,-0.074999996,31.900047,-30.29999,-0.074999996,31.900047,33.000008,89.475,31.900047,-30.29999,89.475,31.900047,-30.29999,-0.074999996,-35.599953,33.000008,-0.074999996,-35.599953,-30.29999,89.475,-35.599953,33.000008,89.475,-35.599953],
            "INDICES":[0,3,1,0,2,3,4,7,5,4,6,7,6,2,7,6,3,2,5,1,4,5,0,1,5,2,0,5,7,2,1,6,4,1,3,6],
            "MEDIUM_INTERFACE":"interface0",
            "TRANS":[0.0,0.0,0.0],
            "ROTAT":[0.0,0.0,0.0],
            "SCALE":[1.0,1.0,1.0]
        }
    ]
}